{
  "camera_0":{
    "name":"front",
    "camera_internal":{
      "fx": 1.2100629810000000e+03,
      "fy": 1.2058507139999999e+03,
      "cx": 1.0224299030000000e+03,
      "cy": 7.9254164400000002e+02
    },
    "camera_external":[
      -0.9994466143126584,
      0.033033376071303994,
      -0.003906559137689193,
      0.20487898588180542,
      0.0025198193977806005,
      -0.0419178508124942,
      -0.9991178830816032,
      0.0013696063542738557,
      -0.033167991334523576,
      -0.9985748293686324,
      0.04181141593201179,
      -0.10943480581045151,
      0,
      0,
      0,
      1
    ]
  },
  "camera_1":{
    "name":"left",
    "camera_internal":{
      "fx": 1.2100629810000000e+03,
      "fy": 1.2058507139999999e+03,
      "cx": 1.0224299030000000e+03,
      "cy": 7.9254164400000002e+02
    },
    "camera_external": [
      -3.9384503688273731e-02, -9.9721160654039998e-01,
      6.3386691429213382e-02, 1.2484878301620483e-01,
      5.0218947462187857e-02, -6.5331141114291447e-02,
      -9.9659916682510530e-01, -1.8440222740173340e-01,
      9.9796138110901755e-01, -3.6067350634868045e-02,
      5.2651951845710920e-02, -3.9436036348342896e-01, 0, 0, 0, 1]
  },
  "camera_2":{
    "name":"right",
    "camera_internal":{
      "fx": 1.2100629810000000e+03,
      "fy": 1.2058507139999999e+03,
      "cx": 1.0224299030000000e+03,
      "cy": 7.9254164400000002e+02
    },
    "camera_external": [3.5640002421153172e-02, 9.9786432954622106e-01,
      -5.4740935749134578e-02, 1.0951525717973709e-01,
      -9.7262110862409989e-03, -5.4426799113952706e-02,
      -9.9847039232824297e-01, -3.1793252564966679e-03,
      -9.9931736252570236e-01, 3.6117909096182677e-02,
      7.7656678524001821e-03, -3.9152929186820984e-01, 0, 0, 0, 1]
  }
}
