{"camera_0": {"name": "front", "camera_internal": {"fx": 718.3351, "fy": 718.3351, "cx": 600.3891, "cy": 181.5122}, "camera_external": [0.007755449, -0.9999694, -0.001014303, -0.007275538, 0.002294056, 0.001032122, -0.9999968, -0.06324057, 0.9999673, 0.007753097, 0.00230199, -0.2670414, 0, 0, 0, 1]}}