{"camera_0": {"name": "front", "camera_internal": {"fx": 718.856, "fy": 718.856, "cx": 607.1928, "cy": 185.2157}, "camera_external": [0.007967514, -0.9999679, -0.0008462264, -0.01377769, -0.002771053, 0.000824171, -0.9999958, -0.05542117, 0.9999644, 0.007969825, -0.002764397, -0.2918589, 0, 0, 0, 1]}}