{"camera_0": {"name": "front", "camera_internal": {"fx": 707.0493, "fy": 707.0493, "cx": 604.0814, "cy": 180.5066}, "camera_external": [0.006927964, -0.9999722, -0.002757829, -0.02457729, -0.001162982, 0.002749836, -0.9999955, -0.06127237, 0.9999753, 0.006931141, -0.001143899, -0.3321029, 0, 0, 0, 1]}}